image,golden_value,average_difference,sdc_percentage
20,-2.93503815429,292611.835963,37
40,-8.03055564305,392937.46506,34
60,-7.07067885003,369309.87652,31
80,-5.82732914277,106501.661409,16
,,,29.5
