image,golden_value,average_difference,sdc_percentage
20,-2.93503815429,8299.50093392,83.0,
40,-8.03055564305,